run_id,elapsed_time,channel_1,channel_2,channel_3,channel_4,channel_5
1,0.0,0.44379,0.49879,0.69213,0.66786,0.63112
1,0.5,0.46882,0.51445,0.67833,0.65143,0.59357
1,1.0,0.46574,0.47774,0.68729,0.67881,0.58070
2,0.0,0.38210,0.41234,0.59842,0.61235,0.54567
2,0.5,0.39521,0.42108,0.60177,0.60512,0.55344
2,1.0,0.40155,0.43091,0.61025,0.61888,0.56102
