run_id,elapsed_time,channel_1,channel_2,channel_3,label
1,0.0,0.44379,0.49879,0.69213,34.5
1,0.5,0.46882,0.51445,0.67833,34.5
1,1.0,0.46574,0.47774,0.68729,34.5
2,0.0,0.38210,0.41234,0.59842,
2,0.5,0.39521,0.42108,0.60177,
2,1.0,0.40155,0.43091,0.61025,
